<?xml version="1.0" encoding="UTF-8"?>
<!DOCTYPE slides [
        <!ENTITY ndash "&#8211;">
        <!ENTITY nbsp "&#160;">
        <!ENTITY lt "&#60;">
        <!ENTITY gt "&#62;">
        <!ENTITY amp "&#38;">
]>

<!--  "http://docbook.sourceforge.net/release/slides/3.3.0/schema/dtd/slides.dtd"         -->

<slides>
	<slidesinfo>
		<author>
			<firstname>Petr</firstname>
			<surname>Ferschmann<small></small></surname>
			<email>pferschmann@softeu.com</email>
		</author>
		<title>AndroMDA</title>
		<subtitle></subtitle>
		<pubdate>2. srpna 2008</pubdate>
		<copyright>
			<year>2008</year>
			<holder>SoftEU s.r.o.</holder>
		</copyright>
	</slidesinfo>
	
	<!-- =========================================================================== -->
	<foil id="mda">
		<title>Model Driven Architecture</title>
		<content>
			<ul>
				<li>andromda.org</li>
				<li>Podpora Maven a ant</li>
				<li>podpora:
					<ul>
						<li>hibernate</li>
						<li>ejb3</li>
						<li>jbpm</li>
						<li>struts</li>
						<li>...</li>
					</ul>
				</li>
			</ul>
		</content>
		<note>
		</note>
	</foil>	

	<!-- =========================================================================== -->
	<foil id="postup">
		<title>Postup</title>
		<content>
			<ul>
				<li>nakreslím UML</li>
				<li>používám tagy a stereotypy:
					<ul>
						<li>&lt;&lt;Entity&gt;&gt;</li>
						<li>&lt;&lt;Identity&gt;&gt;</li>
						<li>&lt;&lt;Unique&gt;&gt;</li>
						<li>&lt;&lt;EmbeddedValue&gt;&gt;</li>
					</ul>
				</li>
				<li>používáme tagy:
					<ul>
						<li>@andromda.hibernate.lazy</li>
						<li>@andromda.hibernate.query</li>
						<li>@andromda.persistence.column.length</li>						
						<li>@andromda.persistence.table</li>						
						<li>@andromda.hibernate.cascade</li>
						<li>@andromda.hibernate.orderByColumns</li>
						<li>@andromda.hibernate.outerjoin</li>
						<li>@andromda.hibernate.generator.class</li>
						<li>@andromda.hibernate.formula</li>
					</ul>				
				</li>
			</ul>
		</content>
		<note>
		</note>
	</foil>	

	<!-- =========================================================================== -->
	<foil id="mapovani">
		<title>Mapování</title>
		<content>
			<ul>
				<li>Umožňuje namapovat vlastní typy &ndash; např. Money</li>
				<li>Faktura vs FakturaImpl</li>
				<li>Hibernate generuje hbm.xml</li>
			</ul>
		</content>
		<note>
		</note>
	</foil>	

	<!-- =========================================================================== -->
	<foil id="maven">
		<title>Maven</title>
		<content>
			<ul>
				<pre>&lt;plugin&gt;
	&lt;groupId&gt;org.andromda.maven.plugins&lt;/groupId&gt;
	&lt;artifactId&gt;andromda-maven-plugin&lt;/artifactId&gt;
	&lt;version&gt;3.2&lt;/version&gt;
	&lt;executions&gt;
		&lt;execution&gt;
			&lt;goals&gt;
				&lt;goal&gt;run&lt;/goal&gt;
			&lt;/goals&gt;
		&lt;/execution&gt;
	&lt;/executions&gt;
	&lt;configuration&gt;
		&lt;configurationUri&gt;${pom.basedir}/src/main/uml/andromda.xml&lt;/configurationUri&gt;
	&lt;/configuration&gt;
&lt;/plugin&gt;
				</pre>	
			</ul>
		</content>
		<note>
		</note>
	</foil>	

	<!-- =========================================================================== -->
	<foil id="maven2">
		<title>Maven</title>
		<content>
			<ul>
				<pre>&lt;plugin&gt;
	&lt;groupId&gt;org.andromda.maven.plugins&lt;/groupId&gt;
	&lt;artifactId&gt;andromda-multi-source-plugin&lt;/artifactId&gt;
	&lt;version&gt;3.2&lt;/version&gt;
	&lt;executions&gt;
		&lt;execution&gt;
			&lt;goals&gt;
				&lt;goal&gt;add-source&lt;/goal&gt;
			&lt;/goals&gt;
			&lt;configuration&gt;
				&lt;sourceDirectories&gt;
					&lt;directory&gt;${src-gen-impl.home}&lt;/directory&gt;
				&lt;/sourceDirectories&gt;
			&lt;/configuration&gt;
		&lt;/execution&gt;
	&lt;/executions&gt;
&lt;/plugin&gt;
				</pre>	
			</ul>
		</content>
		<note>
		</note>
	</foil>	


	<!-- =========================================================================== -->
	<foil id="ukazka">
		<title>Ukázka</title>
		<content>
		</content>
		<note>
		</note>
	</foil>	

	<!-- =========================================================================== -->
	<foil id="shrnuti-kladna">
		<title>Shrnutí - kladná</title>
		<content>
			<ul>
				<li>Modelování vazeb je snadné (N:N)</li>
				<li>Kombinujeme hbm.xml z AndroMDA a anotace</li>
				<li>Udržuje aktuální model</li>
				<li>Model generujeme z Hibernate</li>
			</ul>
		</content>
		<note>
		</note>
	</foil>	

	<!-- =========================================================================== -->
	<foil id="shrnuti-zaporna">
		<title>Shrnutí - záporná</title>
		<content>
			<ul>
				<li>AndroMDA je pomalá</li>
				<li>nelze použít všechny vlastnosti Hibernate mapování</li>
				<li>vždy se musí použít dědičnost</li>
			</ul>
		</content>
		<note>
		</note>
	</foil>	


</slides>

